[
{ "_id": "9786073233316", "titulo": "CALCULO UNA VARIABLE", "edicion": 13, "area": "Matemáticas", "año": 2015, "autor": "THOMAS" },
{ "_id": "9786073235761", "titulo": "GEOMETRIA ANALITICA", "edicion": 4, "area": "Matemáticas", "año": 2015, "autor": "AGUILAR" },
{ "_id": "9786073235808", "titulo": "GEOMETRIA, TRIGONOMETRIA Y GEOMETRIA ANALITICA", "edicion": 4, "area": "Matemáticas", "año": 2015, "autor": "AGUILAR" },
{ "_id": "9786073235853", "titulo": "CALCULO DIFERENCIAL E INTEGRAL", "edicion": 4, "area": "Matemáticas", "año": 2015, "autor": "AGUILAR" },
{ "_id": "9786073237451", "titulo": "ALGEBRA LINEAL Y SUS APLICACIONES", "edicion": 5, "area": "Matemáticas", "año": 2016, "autor": "C. LAY" },
{ "_id": "9786073237642", "titulo": "MATEMATICAS 1", "edicion": 1, "area": "Matemáticas", "año": 2016, "autor": ["ESTRADA","JIMENEZ"] },
{ "_id": "9786073237789", "titulo": "TALLER DE LECTURA Y REDACCION 1", "edicion": 3, "area": "Humanidades", "año": 2016, "autor": "DE TERESA" },
{ "_id": "9786073238021", "titulo": "COMO PROGRAMAR EN JAVA", "edicion": 10, "area": "Computación", "año": 2016, "autor": "DEITEL" },
{ "_id": "9786073238229", "titulo": "FISICA CONCEPTUAL", "edicion": 12, "area": "Ciencias", "año": 2016, "autor": "HEWITT" },
{ "_id": "9786073238380", "titulo": "BIOLOGIA", "edicion": 1, "area": "Ciencias", "año": 2016, "autor": "GAMA" },
{ "_id": "9786073239073", "titulo": "INFORMATICA 2", "edicion": 1, "area": "Computación", "año": 2016, "autor": "PÉREZ" },
{ "_id": "9786073239233", "titulo": "QUIMICA 2", "edicion": 1, "area": "Ciencias", "año": 2016, "autor": "GUTIERREZ" },
{ "_id": "9786073240994", "titulo": "MECANICA DE MATERIALES", "edicion": 9, "area": "Ingeniería", "año": 2017, "autor": "HIBBELER" },
{ "_id": "9786073241984", "titulo": "ORIENTACION EDUCATIVA IV", "edicion": 2, "area": "Humanidades", "año": 2018, "autor": "ONOFRE" },
{ "_id": "9786073242011", "titulo": "EL PLACER DE LA ESCRITURA MANUAL DE APROPIACION DE LA LENGUA", "edicion": 5, "area": "Humanidades", "año": 2018, "autor": "CORREA" },
{ "_id": "9786073243063", "titulo": "DIBUJO", "edicion": 1, "area": "Humanidades", "año": 2018, "autor": "RUBIN" },
{ "_id": "9786073243780", "titulo": "ESTADISTICA 12 ED", "edicion": 12, "area": "Matemáticas", "año": 2018, "autor": "TRIOLA" },
{ "_id": "9786073243940", "titulo": "LITERATURA UNIVERSAL", "edicion": 5, "area": "Humanidades", "año": 2018, "autor": "CORREA" },
{ "_id": "9786073244206", "titulo": "BIOLOGIA", "edicion": 1, "area": "Ciencias", "año": 2018, "autor": "AUDESIRK" },
{ "_id": "9786073244213", "titulo": "MATEMATICAS 1", "edicion": 2, "area": "Ciencias", "año": 2018, "autor": "JIMÉNEZ" },
{ "_id": "9786073244244", "titulo": "QUIMICA 1", "edicion": 2, "area": "Ciencias", "año": 2018, "autor": ["GUTIERREZ","LOPEZ"] },
{ "_id": "9786073244800", "titulo": "MATEMATICAS 3", "edicion": 2, "area": "Matemáticas", "año": 2018, "autor": "JIMENEZ" },
{ "_id": "9786073247238", "titulo": "FISICA 2", "edicion": 1, "area": "Ciencias", "año": 2018, "autor": "SLISKO" },
{ "_id": "9786073248006", "titulo": "GEOMETRIA Y TRIGONOMETRIA", "edicion": 1, "area": "Matemáticas", "año": 2019, "autor": "JIMÉNEZ" },
{ "_id": "9786073249881", "titulo": "CALCULO DIFERENCIAL E INTEGRAL", "edicion": 2, "area": "Matemáticas", "año": 2019, "autor": "OTEYZA" },
{ "_id": "9786073250955", "titulo": "RAZONAMIENTO MATEMATICO CON APLICACIONES EN LOS NEGOCIOS", "edicion": 1, "area": "Matemáticas", "año": 2019, "autor": "GLAROS" },
{ "_id": "9786073251792", "titulo": "EXPERIMENTACION QUIMICA YPENSAMIENTO ESTADISTICO", "edicion": 1, "area": "Ciencias", "año": 2020, "autor": "RODRIGUEZ" },
{ "_id": "9788490354926", "titulo": "OPTICA", "edicion": 5, "area": "Ingeniería", "año": 2016, "autor": "HECHT" },
{ "_id": "9788490356074", "titulo": "INTRODUCCION A LA FARMACOLOGIA", "edicion": 2, "area": "Ciencias", "año": 2018, "autor": "MCFADDEN" }
]